,phrase,label,sentiment,subjectivity,language,count,gnd,geonames,geotype,latitude,longitude,continent,country,ipcc
India,India,GPE,-0.02652951,0.49797685,en,19.60000000,,-1,,,,,,
U.S.,U.S.,GPE,-0.17645048,0.75891147,en,19.30000000,,-1,,,,,,
Kashmir,Kashmir,LOC,-0.11936674,1.09783354,en,18.70000000,,-1,,,,,,
Arctic,Arctic,LOC,-0.10991073,1.15465749,en,14.20000000,,-1,,,,,,
Delhi,Delhi,GPE,-0.05099665,0.70019560,en,12.20000000,4011371-1,1273294,X,28.65381000,77.22897000,ASIA,India,SAS
UK,UK,GPE,-0.32602706,0.82659632,en,12.00000000,,-1,,,,,,
Florida,Florida,GPE,-0.09084657,0.66871261,en,10.30000000,4017585-6,4155751,X,28.75054000,-82.50010000,NORTH-AMERICA,United States,ENA
Earth,Earth,LOC,-0.00776446,0.90511156,en,7.80000000,,-1,,,,,,
US,US,GPE,-0.34827927,0.96437773,en,6.90000000,,-1,,,,,,
Hyderabad,Hyderabad,GPE,-0.17773437,0.62825521,en,6.40000000,,-1,,,,,,
Srinagar,Srinagar,GPE,-0.16220401,0.74280510,en,6.10000000,,-1,,,,,,
China,China,GPE,0.11666667,0.42750000,en,6.00000000,4009937-4,1814991,X,35.00000000,105.00000000,ASIA,China,EAS
Germany,Germany,GPE,0.15948276,0.59770115,en,5.80000000,,-1,,,,,,
El Paso,El Paso,GPE,0.02074380,0.68672176,en,5.50000000,,-1,,,,,,
Maharashtra,Maharashtra,GPE,-0.04349169,0.59560310,en,5.30000000,4037057-4,1264418,X,19.50000000,75.00000000,ASIA,India,SAS
Toronto,Toronto,GPE,-0.03678613,0.47214452,en,5.20000000,4060459-7,6167865,X,43.70011000,-79.41630000,NORTH-AMERICA,Canada,ENA
Midwest,Midwest,LOC,-0.42333333,1.23333333,en,5.00000000,,-1,,,,,,
Punjab,Punjab,GPE,-0.15408163,0.81394558,en,4.90000000,,-1,,,,,,
Europe,Europe,LOC,-0.33062804,1.06514333,en,4.80000000,,-1,,,,,,
Israel,Israel,GPE,-0.24815076,0.69469932,en,4.60000000,4027808-6,294640,X,31.50000000,34.75000000,EUROPE-AFRICA,Israel,MED
Jharkhand,Jharkhand,GPE,-0.40338164,0.76147343,en,4.60000000,4364512-4,1444365,X,23.75000000,85.50000000,ASIA,India,SAS
Pune,Pune,GPE,-0.15010352,0.63146998,en,4.60000000,16035299-X,1259229,X,18.51944400,73.85527700,ASIA,India,SAS
Madhya Pradesh,Madhya Pradesh,GPE,-0.13003923,0.81023404,en,4.40000000,4234626-5,1264542,X,23.50000000,78.50000000,ASIA,India,SAS
Northeast,Northeast,LOC,-0.36636179,1.02642276,en,4.10000000,,-1,,,,,,
Gaza,Gaza,GPE,-0.22187500,0.52500000,en,4.00000000,,-1,,,,,,
Texas,Texas,GPE,0.40034515,0.70589096,en,3.70000000,4059594-8,4736286,X,31.25044000,-99.25060900,NORTH-AMERICA,United States,CNA
Guwahati,Guwahati,GPE,-0.02972973,0.59369369,en,3.70000000,4368296-0,1271476,X,26.18617000,91.75095000,ASIA,India,SAS
Canada,Canada,GPE,0.34256757,0.99459459,en,3.70000000,4029456-0,6251999,X,60.10866900,-113.64257900,NORTH-AMERICA,Canada,NWN
FINDLAY,FINDLAY,GPE,-0.07162162,0.95675676,en,3.70000000,,-1,,,,,,
Valley,Valley,LOC,0.10956790,0.95216049,en,3.60000000,,-1,,,,,,
South Dakota State,South Dakota State,GPE,0.15238095,0.30317460,en,3.50000000,,-1,,,,,,
England,England,GPE,-0.29717842,1.23556741,en,3.50000000,4014770-8,6269131,X,52.16044900,-0.70312000,EUROPE,United Kingdom,NEU
Chandigarh,Chandigarh,GPE,-0.15441176,0.93382353,en,3.40000000,,-1,,,,,,
Ohio,Ohio,GPE,0.02651515,0.42045455,en,3.30000000,,-1,,,,,,
Telangana,Telangana,GPE,-0.25757576,0.81565657,en,3.30000000,,-1,,,,,,
the United States,the United States,GPE,0.08546292,1.13177862,en,3.10000000,,-1,,,,,,
valley,valley,LOC,0.01881720,0.92473118,en,3.10000000,,-1,,,,,,
arctic,arctic,LOC,-0.14818443,0.73066876,en,2.90000000,,-1,,,,,,
New Jersey,New Jersey,GPE,0.24033438,0.60571230,en,2.90000000,4042004-8,5101760,X,40.16705900,-74.49987000,NORTH-AMERICA,United States,ENA
Maryland,Maryland,GPE,0.00000000,0.00000000,en,2.80000000,4037776-3,4361885,X,39.90000000,-76.74997000,NORTH-AMERICA,United States,ENA
Midtown Beach,Midtown Beach,GPE,-0.46279762,0.80357143,en,2.80000000,,-1,,,,,,
Atlanta,Atlanta,GPE,-0.42857143,0.89285714,en,2.80000000,4086063-2,4180439,X,33.74888800,-84.38777700,NORTH-AMERICA,United States,ENA
Chennai,Chennai,GPE,-0.03720238,0.52232143,en,2.80000000,5351481-6,1264527,X,13.08777700,80.27833300,ASIA,India,SAS
Assam,Assam,GPE,-0.17066327,0.56045918,en,2.80000000,4003249-8,1278253,X,26.00000000,93.00000000,ASIA,India,SAS
the Gaza Strip,the Gaza Strip,GPE,-0.08686224,0.32844388,en,2.80000000,,-1,,,,,,
Ontario,Ontario,GPE,0.35746753,0.61417749,en,2.80000000,4102089-3,6093943,X,49.25014000,-84.49983000,NORTH-AMERICA,Canada,ENA
Kamrup Metropolitan,Kamrup Metropolitan,GPE,-0.16428571,0.56875000,en,2.80000000,,-1,,,,,,
Andhra Pradesh,Andhra Pradesh,GPE,0.01339286,0.40625000,en,2.80000000,4001934-2,1278629,X,16.00000000,79.00000000,ASIA,India,SAS
Puducherry,Puducherry,GPE,0.02573052,0.38579545,en,2.80000000,16023115-2,1259425,X,11.93380900,79.82979000,ASIA,India,SAS
California,California,GPE,-0.10476190,0.36666667,en,2.80000000,,-1,,,,,,
Arizona,Arizona,GPE,-0.10476190,0.36666667,en,2.80000000,4002920-7,5551752,X,34.50030000,-111.50097900,NORTH-AMERICA,United States,WNA
Philadelphia,Philadelphia,GPE,-0.18533550,1.31574675,en,2.80000000,,-1,,,,,,
Central Florida,Central Florida,LOC,-0.20833333,0.64404762,en,2.80000000,,-1,,,,,,
Lake Erie,Lake Erie,LOC,0.02519587,0.72471510,en,2.60000000,,-1,,,,,,
spain,spain,GPE,0.14860140,0.30303030,en,2.60000000,,-1,,,,,,
Antarctica,Antarctica,LOC,0.14166667,0.42820513,en,2.60000000,,-1,,,,,,
Houston,Houston,GPE,-0.23076923,0.38461538,en,2.60000000,,-1,,,,,,
Manitoba,Manitoba,GPE,0.33076923,0.66923077,en,2.60000000,4100106-0,6065171,X,55.90000000,-97.89999900,NORTH-AMERICA,Canada,NEN
Indiana,Indiana,GPE,0.18461538,0.27692308,en,2.60000000,4109219-3,4921868,X,40.20000000,-86.25027000,NORTH-AMERICA,United States,ENA
Siberia,Siberia,LOC,-0.04567308,0.15384615,en,2.60000000,,-1,,,,,,
Great Lakes,Great Lakes,LOC,0.07620370,0.92037037,en,2.50000000,,-1,,,,,,
TX,TX,GPE,0.04000000,0.66400000,en,2.50000000,,-1,,,,,,
Crete,Crete,GPE,-0.29166667,0.27777778,en,2.40000000,,-1,,,,,,
Nashville,Nashville,GPE,-0.05555556,0.32638889,en,2.40000000,,-1,,,,,,
Russia,Russia,GPE,0.40909091,0.86363636,en,2.20000000,,-1,,,,,,
Miami,Miami,GPE,-0.03219697,0.68939394,en,2.20000000,,-1,,,,,,
United States,United States,GPE,0.05269210,0.65922619,en,2.20000000,,-1,,,,,,
Boston,Boston,GPE,-0.35401635,1.21500722,en,2.10000000,4007840-1,4930956,X,42.35833300,-71.05972200,NORTH-AMERICA,United States,ENA
Mars,Mars,LOC,0.06798246,0.25657895,en,1.90000000,,-1,,,,,,
Ukraine,Ukraine,GPE,0.52631579,0.94736842,en,1.90000000,4061496-7,690791,X,49.00000000,32.00000000,EUROPE,Ukraine,WCE
Fresno,Fresno,GPE,0.28289474,0.69517544,en,1.90000000,,-1,,,,,,
Borderland,Borderland,LOC,0.72368421,0.93421053,en,1.90000000,,-1,,,,,,
Palm Beach,Palm Beach,GPE,-0.36622807,0.68421053,en,1.90000000,,-1,,,,,,
Kerala,Kerala,GPE,-0.07456140,0.15350877,en,1.90000000,4030266-0,1267254,X,10.00000000,76.50000000,ASIA,India,SAS
Kandhamal,Kandhamal,GPE,-0.63157895,1.05263158,en,1.90000000,,-1,,,,,,
MEMPHIS,MEMPHIS,GPE,-0.08771930,0.91228070,en,1.90000000,,-1,,,,,,
Uttar Pradesh,Uttar Pradesh,GPE,-0.25939850,0.63909774,en,1.90000000,,-1,,,,,,
Jammu,Jammu,GPE,-0.32017544,1.25438596,en,1.90000000,4387357-1,1269321,X,32.73568900,74.86911000,ASIA,India,WCA
San Marcos,San Marcos,GPE,-0.21052632,0.52631579,en,1.90000000,,-1,,,,,,
Rajasthan,Rajasthan,GPE,0.00000000,0.00000000,en,1.90000000,4076502-7,1258899,X,26.00000000,74.00000000,ASIA,India,SAS
B.C.,B.C.,GPE,-0.18421053,0.69078947,en,1.90000000,,-1,,,,,,
Pensacola,Pensacola,GPE,0.05263158,0.15789474,en,1.90000000,,-1,,,,,,
Alabama,Alabama,GPE,-0.10087719,0.64327485,en,1.90000000,4084839-5,4829764,X,32.75041000,-86.75025900,NORTH-AMERICA,United States,ENA
Tamil Nadu,Tamil Nadu,GPE,0.02870813,0.32775120,en,1.90000000,4078142-2,1255053,X,11.00000000,78.00000000,ASIA,India,SAS
EL PASO,EL PASO,GPE,0.72368421,0.93421053,en,1.90000000,,-1,,,,,,
Tenn.,Tenn.,GPE,-0.08771930,0.91228070,en,1.90000000,,-1,,,,,,
Mumbai,Mumbai,GPE,-0.12500000,0.54605263,en,1.90000000,10013721-0,1275339,X,19.07277700,72.88250000,ASIA,India,SAS
Jackrabbits,Jackrabbits,LOC,-0.63157895,1.05263158,en,1.90000000,,-1,,,,,,
NEW ORLEANS,NEW ORLEANS,GPE,0.17344498,0.52771132,en,1.90000000,,-1,,,,,,
Dublin,Dublin,GPE,-0.32723855,0.80673274,en,1.90000000,4013170-1,2964574,X,53.33306000,-6.24889000,EUROPE,Ireland,NEU
Kanchanpur,Kanchanpur,GPE,-0.63157895,1.05263158,en,1.90000000,,-1,,,,,,
Chhattisgarh,Chhattisgarh,GPE,-0.11842105,0.88157895,en,1.90000000,4670233-7,1444364,X,21.50000000,82.00000000,ASIA,India,SAS
Yakutsk,Yakutsk,GPE,-0.06250000,0.21052632,en,1.90000000,4264832-4,2013159,X,62.03388800,129.73305500,ASIA,Russia,ESB
Wales,Wales,GPE,-0.20095694,0.59330144,en,1.90000000,,-1,,,,,,
Northern Iowa,Northern Iowa,LOC,0.36842105,0.26315789,en,1.90000000,,-1,,,,,,
I.A.,I.A.,GPE,-0.31578947,0.52631579,en,1.90000000,,-1,,,,,,
WASHINGTON,WASHINGTON,GPE,-0.07894737,0.87719298,en,1.90000000,,-1,,,,,,
Concordia,Concordia,GPE,0.20462963,0.61851852,en,1.80000000,,-1,,,,,,
South Texas,South Texas,LOC,-0.36851852,0.83888889,en,1.80000000,,-1,,,,,,
Himachal,Himachal,GPE,-0.21296296,0.35185185,en,1.80000000,,-1,,,,,,
Jets,Jets,LOC,0.23569024,0.47081930,en,1.80000000,,-1,,,,,,
the Rust Belt,the Rust Belt,LOC,-0.11229947,0.62174688,en,1.70000000,,-1,,,,,,
North India,North India,LOC,-0.06862745,0.45751634,en,1.70000000,,-1,,,,,,
Karnataka,Karnataka,GPE,-0.17647059,0.58823529,en,1.70000000,4110022-0,1267701,X,13.50000000,76.00000000,ASIA,India,SAS
Mexico,Mexico,GPE,-0.09803922,0.33006536,en,1.70000000,,-1,,,,,,
Greece,Greece,GPE,-0.82352941,0.78431373,en,1.70000000,,-1,,,,,,
midwest,midwest,LOC,-0.58823529,1.17647059,en,1.70000000,,-1,,,,,,
Poland,Poland,GPE,0.62500000,1.12500000,en,1.60000000,,-1,,,,,,
Greenland,Greenland,GPE,-0.33333333,1.18750000,en,1.60000000,4022113-1,3425505,X,72.00000000,-40.00000000,POLAR,Greenland,GIC
the Northern Hemisphere,the Northern Hemisphere,LOC,-0.11653646,0.30013021,en,1.60000000,,-1,,,,,,
Haryana,Haryana,GPE,0.03125000,0.55208333,en,1.60000000,4239291-3,1270260,X,29.00000000,76.00000000,ASIA,India,SAS
Green Bay,Green Bay,LOC,-0.18750000,0.43750000,en,1.60000000,,-1,,,,,,
La.,La.,GPE,0.00000000,0.00000000,en,1.60000000,,-1,,,,,,
Iceland,Iceland,GPE,-0.75000000,1.23611111,en,1.60000000,4027754-9,2629691,X,65.00000000,-18.00000000,POLAR,Iceland,GIC
SHREVEPORT,SHREVEPORT,GPE,0.00000000,0.00000000,en,1.60000000,,-1,,,,,,
Northern Canada,Northern Canada,LOC,-0.15384615,0.73076923,en,1.30000000,,-1,,,,,,
North Atlantic,North Atlantic,LOC,-0.92307692,1.53846154,en,1.30000000,,-1,,,,,,
Harbin,Harbin,GPE,0.23076923,0.25000000,en,1.30000000,4072316-1,2037013,X,45.75000000,126.65000000,ASIA,China,ESB
Beaufort,Beaufort,GPE,0.06009130,0.93217754,en,1.30000000,,-1,,,,,,
Rockies,Rockies,LOC,-0.15384615,0.61538462,en,1.30000000,,-1,,,,,,
Hong Kong,Hong Kong,GPE,-0.23076923,0.61538462,en,1.30000000,4025822-1,1819730,X,22.25000000,114.16666600,ASIA,Hong Kong,EAS
Colorado,Colorado,GPE,-0.05128205,0.56410256,en,1.30000000,,-1,,,,,,
London,London,GPE,0.21538462,0.42307692,en,1.30000000,4074335-4,2643743,X,51.50853000,-0.12574000,EUROPE,United Kingdom,NEU
Mediterranean,Mediterranean,LOC,-0.23076923,0.36538462,en,1.30000000,,-1,,,,,,
Columbus,Columbus,GPE,-0.46153846,0.84615385,en,1.30000000,,-1,,,,,,
America,America,GPE,0.10489510,0.34965035,en,1.30000000,,-1,,,,,,
Dallas,Dallas,GPE,0.38461538,0.50769231,en,1.30000000,,-1,,,,,,
Mount Rainier,Mount Rainier,GPE,-0.17948718,0.56410256,en,1.30000000,,-1,,,,,,
Gettysburg,Gettysburg,GPE,0.06250000,0.30555556,en,1.20000000,,-1,,,,,,
the United States',the United States',GPE,-0.02083333,0.63888889,en,1.20000000,,-1,,,,,,
Chicago,Chicago,GPE,0.20833333,0.52083333,en,1.20000000,4009921-0,4887398,X,41.85002900,-87.65004900,NORTH-AMERICA,United States,ENA
the Gulf Stream,the Gulf Stream,LOC,-0.17377478,0.83090161,en,1.20000000,,-1,,,,,,
Chancellorsville,Chancellorsville,GPE,0.06250000,0.30555556,en,1.20000000,,-1,,,,,,
Ljubljana,Ljubljana,GPE,0.40530303,0.96906566,en,1.20000000,4073953-3,3196359,X,46.05107900,14.50512900,EUROPE,Slovenia,WCE
Michigan,Michigan,GPE,0.32196970,0.89962121,en,1.20000000,4115139-2,5001836,X,44.25028900,-85.50033000,NORTH-AMERICA,United States,ENA
New York,New York,GPE,0.06455177,0.86852904,en,1.20000000,,-1,,,,,,
Particip,Particip,LOC,0.00000000,0.10000000,en,1.00000000,,-1,,,,,,
ATLANTA,ATLANTA,GPE,-0.60000000,1.00000000,en,1.00000000,,-1,,,,,,
Wisconsin,Wisconsin,GPE,-0.36250000,1.00000000,en,1.00000000,4119135-3,5279468,X,44.50023900,-90.10000000,NORTH-AMERICA,United States,CNA
Northern Indiana,Northern Indiana,GPE,0.00000000,0.00000000,en,1.00000000,,-1,,,,,,
Spaceport,Spaceport,LOC,0.00000000,0.00000000,en,1.00000000,,-1,,,,,,
Iowa,Iowa,GPE,-0.36250000,1.00000000,en,1.00000000,4109226-0,4862182,X,42.70000000,-93.50048900,NORTH-AMERICA,United States,CNA
the Kiskatinaw River,the Kiskatinaw River,LOC,-0.05000000,0.81250000,en,1.00000000,,-1,,,,,,
Cherokee County,Cherokee County,GPE,0.00000000,0.00000000,en,1.00000000,,-1,,,,,,
Dawson Creek,Dawson Creek,GPE,-0.30000000,0.50000000,en,1.00000000,,-1,,,,,,
Sunshine States,Sunshine States,GPE,-0.23181818,0.72727273,en,1.00000000,,-1,,,,,,
Minnesota,Minnesota,GPE,-0.36250000,1.00000000,en,1.00000000,4101012-7,5037779,X,46.25023900,-94.25055000,NORTH-AMERICA,United States,CNA
Lincoln Lodge,Lincoln Lodge,GPE,-0.01250000,0.35833333,en,1.00000000,,-1,,,,,,
The City of Dawson Creek,The City of Dawson Creek,GPE,-0.05000000,0.81250000,en,1.00000000,,-1,,,,,,
Dam Battlegrounds,Dam Battlegrounds,LOC,0.85000000,1.00000000,en,1.00000000,,-1,,,,,,
North,North,GPE,0.20000000,0.50000000,en,1.00000000,,-1,,,,,,
Guwahati Schools,Guwahati Schools,GPE,0.15000000,0.65000000,en,1.00000000,,-1,,,,,,
Nebraska,Nebraska,GPE,-0.36250000,1.00000000,en,1.00000000,4117792-7,5073708,X,41.50027900,-99.75066900,NORTH-AMERICA,United States,CNA
southwest England,southwest England,LOC,-0.30000000,0.50000000,en,1.00000000,,-1,,,,,,
Southern New Mexico,Southern New Mexico,LOC,0.06818182,0.22727273,en,1.00000000,,-1,,,,,,
Tucson,Tucson,GPE,0.48750000,0.75000000,en,1.00000000,4119735-5,5318313,X,32.22173900,-110.92647900,CENTRAL-AMERICA,United States,NCA
AZ,AZ,GPE,0.48750000,0.75000000,en,1.00000000,,-1,,,,,,
New York City,New York City,GPE,0.13636364,0.45454545,en,1.00000000,4042011-5,5128581,X,40.71416600,-74.00597000,NORTH-AMERICA,United States,ENA
Ooty,Ooty,LOC,0.00000000,0.00000000,en,1.00000000,4224150-9,1253993,X,11.41339900,76.69521000,ASIA,India,SAS
Oakhurst,Oakhurst,GPE,0.25000000,0.55000000,en,1.00000000,,-1,,,,,,
Ladakh,Ladakh,GPE,0.04375000,0.43750000,en,1.00000000,,-1,,,,,,
temperat,temperat,GPE,0.04375000,0.43750000,en,1.00000000,,-1,,,,,,
Valle,Valle,LOC,0.25000000,0.50000000,en,1.00000000,,-1,,,,,,
Vall,Vall,LOC,-0.00555556,0.54444444,en,1.00000000,,-1,,,,,,
the Mid-South,the Mid-South,LOC,0.00000000,0.00000000,en,1.00000000,,-1,,,,,,
the North East,the North East,LOC,-0.10833333,0.50000000,en,1.00000000,,-1,,,,,,
Ipswich,Ipswich,GPE,0.00000000,0.00000000,en,1.00000000,4242195-0,2646057,X,52.05917000,1.15545000,EUROPE,United Kingdom,NEU
the Union Territory,the Union Territory,GPE,0.22142857,0.55714286,en,1.00000000,,-1,,,,,,
Southwest,Southwest,GPE,0.00000000,0.00000000,en,1.00000000,,-1,,,,,,
Pfrender ME,Pfrender ME,GPE,0.30952381,0.49206349,en,1.00000000,,-1,,,,,,
Hudson,Hudson,GPE,0.18750000,0.50000000,en,1.00000000,,-1,,,,,,
TORONTO,TORONTO,GPE,-0.03333333,0.40666667,en,1.00000000,,-1,,,,,,
Whitehorse,Whitehorse,GPE,-0.20833333,0.80000000,en,1.00000000,4226987-8,6180550,X,60.71611000,-135.05375000,NORTH-AMERICA,Canada,NWN
Lahti,Lahti,GPE,0.30952381,0.49206349,en,1.00000000,4132236-8,649360,X,60.98266900,25.66150900,EUROPE,Finland,NEU
Pulwama town,Pulwama town,LOC,-0.03333333,0.61111111,en,1.00000000,,-1,,,,,,
Pulwama,Pulwama,GPE,-0.35000000,0.55000000,en,1.00000000,,-1,,,,,,
USSR,USSR,GPE,0.00000000,0.00000000,en,1.00000000,,-1,,,,,,
Faro,Faro,GPE,0.00000000,0.00000000,en,1.00000000,,-1,,,,,,
Albuquerque,Albuquerque,GPE,0.48750000,0.75000000,en,1.00000000,,-1,,,,,,
New Africa,New Africa,GPE,0.06818182,0.47727273,en,1.00000000,,-1,,,,,,
Brussels,Brussels,GPE,-0.05000000,0.17500000,en,1.00000000,4008460-7,2800866,X,50.85027700,4.34861100,EUROPE,Belgium,WCE
Berlin,Berlin,GPE,-0.05000000,0.17500000,en,1.00000000,4005728-8,2950157,X,52.50000000,13.41666900,EUROPE,Germany,WCE
Venice,Venice,GPE,0.27000000,0.42000000,en,1.00000000,4062501-1,3164603,X,45.43860900,12.32667000,EUROPE,Italy,WCE
Gaza Strip,Gaza Strip,GPE,-0.23000000,0.29000000,en,1.00000000,,-1,,,,,,
Midwes,Midwes,GPE,-0.06625000,0.88500000,en,1.00000000,,-1,,,,,,
the Gulf Coast,the Gulf Coast,LOC,0.26666667,0.80416667,en,1.00000000,,-1,,,,,,
The Soviet Union,The Soviet Union,GPE,0.00000000,0.00000000,en,1.00000000,,-1,,,,,,
the Great Lakes,the Great Lakes,LOC,0.26666667,0.80416667,en,1.00000000,,-1,,,,,,
Athens,Athens,GPE,0.02417929,0.54425505,en,1.00000000,4003366-1,264371,X,37.97944900,23.71621900,EUROPE-AFRICA,Greece,MED
New Orleans,New Orleans,GPE,0.20075758,0.36259470,en,1.00000000,,-1,,,,,,
UAE,UAE,GPE,0.03611111,0.53611111,en,1.00000000,,-1,,,,,,
The United Arab Emirates,The United Arab Emirates,GPE,0.00555556,0.33888889,en,1.00000000,,-1,,,,,,
emirates,emirates,GPE,0.00555556,0.33888889,en,1.00000000,,-1,,,,,,
WWII,WWII,GPE,0.00000000,0.00000000,en,1.00000000,,-1,,,,,,
Carolina,Carolina,GPE,0.00000000,0.00000000,en,1.00000000,,-1,,,,,,
arctic air far south,arctic air far south,LOC,-0.21111111,0.63333333,en,1.00000000,,-1,,,,,,
Central Valley,Central Valley,LOC,-0.12500000,0.25000000,en,1.00000000,,-1,,,,,,
Sligo,Sligo,GPE,0.30000000,0.43333333,en,1.00000000,4251772-2,2961423,X,54.26968900,-8.46942900,EUROPE,Ireland,NEU
Bangladesh,Bangladesh,GPE,0.24444444,0.50000000,en,1.00000000,4130903-0,1210997,X,24.00000000,90.00000000,ASIA,Bangladesh,SAS
Southern India,Southern India,LOC,-0.04666667,0.32666667,en,1.00000000,,-1,,,,,,
Karaikal,Karaikal,GPE,0.05454545,0.62272727,en,1.00000000,,-1,,,,,,
Palm Beach's,Palm Beach's,GPE,-0.60000000,0.95000000,en,1.00000000,,-1,,,,,,
Snow-Ice,Snow-Ice,LOC,0.30000000,0.43333333,en,1.00000000,,-1,,,,,,
Cavan,Cavan,GPE,0.30000000,0.43333333,en,1.00000000,4451192-9,2965535,X,53.99083300,-7.36055500,EUROPE,Ireland,NEU
Donegal,Donegal,GPE,0.30000000,0.43333333,en,1.00000000,,-1,,,,,,
Monaghan,Monaghan,GPE,0.30000000,0.43333333,en,1.00000000,4660452-2,2962568,X,54.25000000,-6.96666900,EUROPE,Ireland,NEU
Leitrim,Leitrim,GPE,0.30000000,0.43333333,en,1.00000000,,-1,,,,,,
the Scottish Highlands,the Scottish Highlands,LOC,0.00000000,0.00000000,en,1.00000000,,-1,,,,,,
NYC,NYC,GPE,-0.60000000,0.90000000,en,1.00000000,,-1,,,,,,
Scotland,Scotland,GPE,0.01818182,0.42727273,en,1.00000000,4053233-1,2638360,X,56.00000000,-4.00000000,EUROPE,United Kingdom,NEU
North York,North York,GPE,-0.00000000,0.22500000,en,1.00000000,,-1,,,,,,
Middle Tennessee,Middle Tennessee,GPE,-0.08333333,0.08333333,en,1.00000000,,-1,,,,,,
the North Pole,the North Pole,LOC,0.03000000,0.35571429,en,1.00000000,,-1,,,,,,
New England,New England,LOC,0.13636364,0.45454545,en,1.00000000,,-1,,,,,,
turkey,turkey,GPE,-0.12500000,0.49166667,en,1.00000000,,-1,,,,,,
Santa Claus,Santa Claus,GPE,-0.12500000,0.49166667,en,1.00000000,,-1,,,,,,
BLOOMINGTON,BLOOMINGTON,GPE,0.00000000,0.00000000,en,1.00000000,,-1,,,,,,
Kansas,Kansas,GPE,0.48000000,0.47000000,en,1.00000000,4114131-3,4273857,X,38.50028900,-98.50063000,NORTH-AMERICA,United States,CNA
Palamu,Palamu,GPE,-0.15000000,0.47500000,en,1.00000000,,-1,,,,,,
Georgia,Georgia,GPE,-0.09583333,0.61111111,en,1.00000000,4020273-2,4197000,X,32.75041900,-83.50018000,NORTH-AMERICA,United States,ENA
Kansas City Area Transit Authority,Kansas City Area Transit Authority,GPE,0.00000000,0.00000000,en,1.00000000,,-1,,,,,,
Aya Nagar,Aya Nagar,LOC,-0.20340909,0.69696970,en,1.00000000,,-1,,,,,,
the Gulf of Mexico,the Gulf of Mexico,LOC,0.10000000,0.86666667,en,1.00000000,,-1,,,,,,
the Mississippi Valley,the Mississippi Valley,LOC,0.03809524,0.60952381,en,1.00000000,,-1,,,,,,
SAVANNAH,SAVANNAH,GPE,-0.38333333,0.75000000,en,1.00000000,,-1,,,,,,
Ga.,Ga.,GPE,-0.38333333,0.75000000,en,1.00000000,,-1,,,,,,
Championsh,Championsh,GPE,-0.38333333,0.58333333,en,1.00000000,,-1,,,,,,
Wilmington,Wilmington,GPE,0.00000000,0.25000000,en,1.00000000,,-1,,,,,,
Kentucky,Kentucky,GPE,0.00000000,0.25000000,en,1.00000000,4097823-0,6254925,X,38.20042000,-84.87761900,NORTH-AMERICA,United States,ENA
Sweden,Sweden,GPE,-0.06666667,1.90000000,en,1.00000000,4077258-5,2661886,X,62.00000000,15.00000000,EUROPE,Sweden,NEU
Malmö,Malmö,GPE,-0.56666667,1.00000000,en,1.00000000,4114951-8,2692969,X,55.60587000,13.30000000,EUROPE,Sweden,NEU
San Antonio,San Antonio,GPE,0.00000000,0.00000000,en,1.00000000,,-1,,,,,,
Himachal Pradesh,Himachal Pradesh,GPE,-0.17500000,0.75000000,en,1.00000000,4240080-6,1270101,X,31.00000000,78.00000000,ASIA,India,TIB
Lahaul,Lahaul,GPE,-0.17500000,0.75000000,en,1.00000000,,-1,,,,,,
Spiti district,Spiti district,LOC,-0.17500000,0.75000000,en,1.00000000,,-1,,,,,,
New Mexico,New Mexico,GPE,-0.11590909,0.61363636,en,1.00000000,4042006-1,5481136,X,34.50034000,-106.49999900,NORTH-AMERICA,United States,WNA
Southeast,Southeast,LOC,-0.17272727,0.55909091,en,1.00000000,,-1,,,,,,
girona,girona,GPE,0.19318182,0.39393939,en,1.00000000,,-1,,,,,,
Girona,Girona,GPE,0.19318182,0.39393939,en,1.00000000,4071756-2,3121456,X,41.98311000,2.82493000,EUROPE-AFRICA,Spain,MED
Atlantic,Atlantic,LOC,0.50000000,0.50000000,en,1.00000000,,-1,,,,,,
New Delhi,New Delhi,GPE,-0.20340909,0.69696970,en,1.00000000,4011371-1,1273294,X,28.65381000,77.22897000,ASIA,India,SAS
Britain,Britain,GPE,-0.21666667,0.80000000,en,1.00000000,,-1,,,,,,
Manhattan,Manhattan,GPE,-0.25000000,0.23333333,en,1.00000000,,-1,,,,,,
Somerset,Somerset,GPE,-0.20000000,0.35000000,en,1.00000000,,-1,,,,,,
… Kashmir Valley,… Kashmir Valley,LOC,-0.22000000,0.82000000,en,1.00000000,,-1,,,,,,
Eurovision,Eurovision,GPE,0.00000000,0.00000000,en,1.00000000,,-1,,,,,,
Bronze Age city,Bronze Age city,GPE,-0.08333333,0.66666667,en,1.00000000,,-1,,,,,,
Luddington,Luddington,GPE,-0.08333333,0.66666667,en,1.00000000,,-1,,,,,,
the Atlantic Ocean,the Atlantic Ocean,LOC,-0.03333333,0.50000000,en,1.00000000,,-1,,,,,,
Slovenia,Slovenia,GPE,0.35000000,0.70833333,en,1.00000000,4055302-4,3190538,X,46.25000000,15.16666900,EUROPE,Slovenia,WCE
France,France,GPE,0.35000000,0.70833333,en,1.00000000,,-1,,,,,,
regio…,regio…,GPE,0.06818182,0.22727273,en,1.00000000,,-1,,,,,,
The Proterozoic Biosphere,The Proterozoic Biosphere,GPE,0.00000000,0.00000000,en,1.00000000,,-1,,,,,,
Tel… Weather,Tel… Weather,GPE,-0.17500000,0.72500000,en,1.00000000,,-1,,,,,,
Brooklyn,Brooklyn,GPE,0.21111111,0.54444444,en,1.00000000,,-1,,,,,,
CANCUN,CANCUN,GPE,-0.08333333,0.28055556,en,1.00000000,,-1,,,,,,
"Washington, DC","Washington, DC",GPE,-0.20000000,0.75000000,en,1.00000000,4064682-8,4140963,X,38.89500000,-77.03611100,NORTH-AMERICA,United States,ENA
Edmonton,Edmonton,GPE,-0.51250000,1.00000000,en,1.00000000,,-1,,,,,,
The City of Edmonton,The City of Edmonton,GPE,-0.37625000,0.72500000,en,1.00000000,,-1,,,,,,
New Jers,New Jers,GPE,0.13636364,0.45454545,en,1.00000000,,-1,,,,,,
oscillationsrecurring,oscillationsrecurring,GPE,0.30000000,0.45000000,en,1.00000000,,-1,,,,,,
Schisandra,Schisandra,GPE,0.00000000,0.00000000,en,1.00000000,,-1,,,,,,
expe,expe,GPE,-0.01250000,0.37916667,en,1.00000000,,-1,,,,,,
NFC South,NFC South,LOC,-0.14583333,0.45000000,en,1.00000000,,-1,,,,,,
Tennessee,Tennessee,GPE,-0.49166667,0.66666667,en,1.00000000,4119557-7,4662168,X,35.75034900,-86.25027000,NORTH-AMERICA,United States,ENA
LONDON,LONDON,GPE,0.50000000,0.90000000,en,1.00000000,,-1,,,,,,
New York State,New York State,GPE,0.16818182,0.37727273,en,1.00000000,,-1,,,,,,
Birkenstocks Arizona,Birkenstocks Arizona,GPE,0.60000000,0.60000000,en,1.00000000,,-1,,,,,,
United,United,GPE,-0.02142857,0.65952381,en,1.00000000,,-1,,,,,,
Iran,Iran,GPE,0.13636364,0.45454545,en,1.00000000,4027653-3,130758,X,32.00000000,53.00000000,ASIA,Iran,WCA
HARTFORD,HARTFORD,GPE,-0.20000000,0.45000000,en,1.00000000,,-1,,,,,,
Conn.,Conn.,GPE,-0.20000000,0.45000000,en,1.00000000,,-1,,,,,,
Unsplash,Unsplash,GPE,0.27857143,0.55714286,en,1.00000000,,-1,,,,,,
Illinois,Illinois,GPE,0.00000000,0.00000000,en,1.00000000,4109206-5,4896861,X,40.20000000,-89.25037000,NORTH-AMERICA,United States,ENA
Milwaukee,Milwaukee,GPE,0.25000000,0.62500000,en,1.00000000,,-1,,,,,,
Des Moines,Des Moines,GPE,0.25000000,0.62500000,en,1.00000000,,-1,,,,,,
Grand Rapids,Grand Rapids,GPE,0.25000000,0.62500000,en,1.00000000,,-1,,,,,,
St. Louis,St. Louis,GPE,0.20000000,0.20000000,en,1.00000000,4118223-6,4407066,X,38.62727000,-90.19789000,NORTH-AMERICA,United States,CNA
Missouri,Missouri,GPE,0.00000000,0.30000000,en,1.00000000,,-1,,,,,,
Minimarg,Minimarg,GPE,0.12500000,0.60000000,en,1.00000000,,-1,,,,,,
Will Hit,Will Hit,GPE,-0.07500000,0.83333333,en,1.00000000,,-1,,,,,,
pe… Chennai,pe… Chennai,GPE,-0.06250000,0.31250000,en,1.00000000,,-1,,,,,,
Gujarat,Gujarat,GPE,0.00000000,0.00000000,en,1.00000000,4118450-6,1270770,X,23.00000000,72.00000000,ASIA,India,SAS
Los Angeles,Los Angeles,GPE,-0.40000000,0.40000000,en,1.00000000,,-1,,,,,,
Netherlands,Netherlands,GPE,0.10000000,0.40000000,en,1.00000000,,-1,,,,,,
MD,MD,GPE,0.00000000,0.00000000,en,1.00000000,,-1,,,,,,
Hudson Bay,Hudson Bay,GPE,-0.25333333,0.58000000,en,1.00000000,,-1,,,,,,
U.S,U.S,GPE,-0.21111111,0.63333333,en,1.00000000,,-1,,,,,,
Strip,Strip,LOC,-0.12500000,0.60000000,en,1.00000000,,-1,,,,,,
