,phrase,label,sentiment,subjectivity,language,count
Delhi,,,,,,
India,,,,,,
U.S.,,,,,,
US,,,,,,
Arctic,,,,,,
Ukraine,,,,,,
Kashmir,,,,,,
Europe,,,,,,
Florida,,,,,,
UK,,,,,,
Canada,,,,,,
Earth,,,,,,
Russia,,,,,,
Gaza,,,,,,
Kyiv,,,,,,
China,,,,,,
the United States,,,,,,
Germany,,,,,,
Texas,,,,,,
Chennai,,,,,,
arctic,,,,,,
Srinagar,,,,,,
Ontario,,,,,,
Israel,,,,,,
Rajasthan,,,,,,
Greece,,,,,,
Northeast,,,,,,
Punjab,,,,,,
Chicago,,,,,,
Midwest,,,,,,
Hyderabad,,,,,,
Kolkata,,,,,,
North India,,,,,,
Jharkhand,,,,,,
New York,,,,,,
U.S,,,,,,
California,,,,,,
Tennessee,,,,,,
England,,,,,,
El Paso,,,,,,
Toronto,,,,,,
Maharashtra,,,,,,
North America,,,,,,
Madhya Pradesh,,,,,,
Mississippi,,,,,,
Haryana,,,,,,
Pune,,,,,,
Colorado,,,,,,
Noida,,,,,,
France,,,,,,
America,,,,,,
United States,,,,,,
Iran,,,,,,
Alberta,,,,,,
London,,,,,,
Ohio,,,,,,
Delhi-NCR,,,,,,
Antarctica,,,,,,
New York City,,,,,,
Uttar Pradesh,,,,,,
FINDLAY,,,,,,
Tamil Nadu,,,,,,
Gurgaon,,,,,,
Guwahati,,,,,,
Miami,,,,,,
Atlanta,,,,,,
Paris,,,,,,
New Mexico,,,,,,
Valley,,,,,,
WASHINGTON,,,,,,
South Dakota State,,,,,,
Australia,,,,,,
the Gaza Strip,,,,,,
New Jersey,,,,,,
Siberia,,,,,,
Alabama,,,,,,
Chandigarh,,,,,,
Telangana,,,,,,
Indiana,,,,,,
Georgia,,,,,,
Houston,,,,,,
Hong Kong,,,,,,
Minneapolis,,,,,,
Amsterdam,,,,,,
valley,,,,,,
West Bengal,,,,,,
Michigan,,,,,,
Boston,,,,,,
Arizona,,,,,,
ISTANBUL,,,,,,
Rockies,,,,,,
Puducherry,,,,,,
Thunder Bay,,,,,,
Madrid,,,,,,
Philadelphia,,,,,,
Assam,,,,,,
Kamrup Metropolitan,,,,,,
Midtown Beach,,,,,,
Chhattisgarh,,,,,,
Central Florida,,,,,,
Andhra Pradesh,,,,,,
Quebec,,,,,,
Sweden,,,,,,
Istanbul,,,,,,
New England,,,,,,
Maryland,,,,,,
the East Coast,,,,,,
Edmonton,,,,,,
spain,,,,,,
Lake Erie,,,,,,
Shawnee,,,,,,
Manitoba,,,,,,
Illinois,,,,,,
Great Lakes,,,,,,
Brooklyn,,,,,,
NYC,,,,,,
TX,,,,,,
Asia,,,,,,
Moscow,,,,,,
Crete,,,,,,
Nashville,,,,,,
Kentucky,,,,,,
Afghanistan,,,,,,
the Great Lakes,,,,,,
Norway,,,,,,
Jupiter,,,,,,
Atlantic,,,,,,
Virginia,,,,,,
Mexico,,,,,,
Japan,,,,,,
Fresno,,,,,,
Greenland,,,,,,
Mars,,,,,,
dayslong,,,,,,
Los Angeles,,,,,,
Kingston,,,,,,
Jackrabbits,,,,,,
Northern Iowa,,,,,,
I.A.,,,,,,
Maritimes,,,,,,
Detroit,,,,,,
San Marcos,,,,,,
B.C.,,,,,,
Yakutsk,,,,,,
Kerala,,,,,,
Mumbai,,,,,,
Jammu,,,,,,
Western Canada,,,,,,
North Texas,,,,,,
EL PASO,,,,,,
Kanchanpur,,,,,,
MEMPHIS,,,,,,
Ireland,,,,,,
NEW ORLEANS,,,,,,
Himachal Pradesh,,,,,,
Pensacola,,,,,,
Kandhamal,,,,,,
the Polar Vortex,,,,,,
Palm Beach,,,,,,
NEW DELHI,,,,,,
HONOLULU,,,,,,
KHON2,,,,,,
Dublin,,,,,,
Wales,,,,,,
Lake Michigan,,,,,,
Tenn.,,,,,,
Kauai County,,,,,,
Borderland,,,,,,
the City of Côte Saint-Luc,,,,,,
Bihar,,,,,,
Miss.,,,,,,
South Texas,,,,,,
Jets,,,,,,
Himachal,,,,,,
Concordia,,,,,,
BEIJING,,,,,,
Hokkaido,,,,,,
midwest,,,,,,
Karnataka,,,,,,
North Georgia,,,,,,
Carolinas,,,,,,
CALGARY,,,,,,
Aegean,,,,,,
Missouri,,,,,,
Kansas,,,,,,
the Rust Belt,,,,,,
ATLANTA,,,,,,
Venezuela,,,,,,
Iraq,,,,,,
South,,,,,,
the Northern Hemisphere,,,,,,
the Gulf Coast,,,,,,
Europa,,,,,,
San Francisco,,,,,,
Seattle,,,,,,
North Pacific,,,,,,
Iceland,,,,,,
Belleville,,,,,,
Green Bay,,,,,,
SHREVEPORT,,,,,,
Poland,,,,,,
Columbus,,,,,,
Denver,,,,,,
La.,,,,,,
Arkansas,,,,,,
Ladakh,,,,,,
New Delhi,,,,,,
West Yorkshire,,,,,,
DALLAS,,,,,,
Netherlands,,,,,,
Mount Rainier,,,,,,
Luton,,,,,,
Bangladesh,,,,,,
Maine,,,,,,
Dallas,,,,,,
Mediterranean,,,,,,
Antarctic,,,,,,
Nebraska,,,,,,
Rocky Mountains,,,,,,
East Coast,,,,,,
Shimla,,,,,,
Manhattan,,,,,,
Harbin,,,,,,
ZIKV,,,,,,
switzerland,,,,,,
Cougars,,,,,,
Leeds,,,,,,
Beaufort,,,,,,
eastern Ontario,,,,,,
Northern Canada,,,,,,
Prairies,,,,,,
North Atlantic,,,,,,
Oklahoma,,,,,,
Morocco,,,,,,
Davos,,,,,,
moon Europa,,,,,,
Holland Park,,,,,,
Gettysburg,,,,,,
the United States',,,,,,
the Gulf Stream,,,,,,
Chancellorsville,,,,,,
Ljubljana,,,,,,
serbia,,,,,,
Queens,,,,,,
Bitcoin,,,,,,
Sondhi,,,,,,
N.Y.,,,,,,
ORLANDO,,,,,,
the U.S. South,,,,,,
Zheng,,,,,,
Fla.,,,,,,
Casablanca,,,,,,
Rochester,,,,,,
Orthologue,,,,,,
tRNAs,,,,,,
the American East,,,,,,
the Kuiper Belt,,,,,,
Fort,,,,,,
the Big Island,,,,,,
Marmut E,,,,,,
Ont.,,,,,,
BELZONI,,,,,,
Taiwan,,,,,,
Sonamarg,,,,,,
the Hudson River,,,,,,
the Bay of Bengal,,,,,,
Pakistan,,,,,,
Punjabs,,,,,,
St Lawrence River,,,,,,
Saint-Augustin-de-Desmaur,,,,,,
Jomhouri,,,,,,
Tri-State,,,,,,
Financial District,,,,,,
Bay of Bengal,,,,,,
U.S.A.,,,,,,
Connecticut,,,,,,
Rhode Island,,,,,,
Mississippi Valley,,,,,,
SCHIPHOL,,,,,,
Spain,,,,,,
Northern Irel,,,,,,
Kiev,,,,,,
Texass,,,,,,
Kurland,,,,,,
the Southeast United States,,,,,,
fl,,,,,,
Svalbard,,,,,,
earth,,,,,,
Canarsie,,,,,,
Central Texas,,,,,,
Bears,,,,,,
King Kong Bund,,,,,,
Sander,,,,,,
Egypts,,,,,,
Sputnik,,,,,,
Desnianskyi,,,,,,
the Great Lakes region,,,,,,
Candleberry,,,,,,
Flux,,,,,,
Finland,,,,,,
Saratoga,,,,,,
Saratoga Spa State,,,,,,
Beijing,,,,,,
Amritsar,,,,,,
Shanghai,,,,,,
West Vir,,,,,,
the Sava River,,,,,,
Mačvanska Mitrovica,,,,,,
South Carolina,,,,,,
North Carolina,,,,,,
Louisiana,,,,,,
S. et al,,,,,,
Serbia,,,,,,
Earth ocean,,,,,,
Atlant,,,,,,
Washington DC,,,,,,
Upper Midwest,,,,,,
British Columbia,,,,,,
the Upper Midwest,,,,,,
Plains,,,,,,
Siloam,,,,,,
torrenti,,,,,,
Purdue,,,,,,
Evansville,,,,,,
Burma,,,,,,
Indianapolis,,,,,,
"Fannin, Union",,,,,,
Okla.,,,,,,
SHAWNEE,,,,,,
Jacobean,,,,,,
New Jersey's,,,,,,
the Sea of Japan coast,,,,,,
HOKKAIDO,,,,,,
Fort Worth,,,,,,
Montreal,,,,,,
Temperatures Plunge,,,,,,
Italy,,,,,,
Eastern India,,,,,,
KABUL,,,,,,
Dal Lake,,,,,,
Ranchi Hospitals,,,,,,
Oman,,,,,,
Denver City,,,,,,
Gumla,,,,,,
FARGO,,,,,,
Eastern Plains,,,,,,
Washington,,,,,,
Macon,,,,,,
Ukraines Kyiv,,,,,,
Ionian Seas,,,,,,
Attica,,,,,,
Jessie Ventura,,,,,,
Denmark,,,,,,
South Africa,,,,,,
NCR,,,,,,
TORONTO,,,,,,
San Mateo,,,,,,
Tel… Weather,,,,,,
regio…,,,,,,
Slovenia,,,,,,
the Atlantic Ocean,,,,,,
Luddington,,,,,,
Bronze Age city,,,,,,
Eurovision,,,,,,
LONDON,,,,,,
New York State,,,,,,
Birkenstocks Arizona,,,,,,
United,,,,,,
arctic air far south,,,,,,
Hudson Bay,,,,,,
MD,,,,,,
Gujarat,,,,,,
pe… Chennai,,,,,,
Will Hit,,,,,,
Minimarg,,,,,,
The Proterozoic Biosphere,,,,,,
… Kashmir Valley,,,,,,
Grand Rapids,,,,,,
"Washington, DC",,,,,,
The City of Dawson Creek,,,,,,
the Kiskatinaw River,,,,,,
Dawson Creek,,,,,,
Cherokee County,,,,,,
D.C.,,,,,,
Particip,,,,,,
Oakhurst,,,,,,
Central Valley,,,,,,
West coast,,,,,,
Somerset,,,,,,
NFC South,,,,,,
Alps,,,,,,
expe,,,,,,
Schisandra,,,,,,
oscillationsrecurring,,,,,,
New Jers,,,,,,
The City of Edmonton,,,,,,
St. Louis,,,,,,
Des Moines,,,,,,
Sonoma,,,,,,
Palm Beach's,,,,,,
Southern India,,,,,,
Palamu,,,,,,
Kansas City Area Transit Authority,,,,,,
Aya Nagar,,,,,,
Girona,,,,,,
girona,,,,,,
Southeast,,,,,,
Spiti district,,,,,,
Lahaul,,,,,,
San Antonio,,,,,,
Malmö,,,,,,
Wilmington,,,,,,
Championsh,,,,,,
Ga.,,,,,,
SAVANNAH,,,,,,
the Mississippi Valley,,,,,,
the Gulf of Mexico,,,,,,
Karaikal,,,,,,
Snow-Ice,,,,,,
Milwaukee,,,,,,
Cavan,,,,,,
Unsplash,,,,,,
Conn.,,,,,,
HARTFORD,,,,,,
CANCUN,,,,,,
Britain,,,,,,
BLOOMINGTON,,,,,,
Santa Claus,,,,,,
turkey,,,,,,
the North Pole,,,,,,
Middle Tennessee,,,,,,
North York,,,,,,
Scotland,,,,,,
the Scottish Highlands,,,,,,
Sligo,,,,,,
Leitrim,,,,,,
Monaghan,,,,,,
Donegal,,,,,,
Dam Battlegrounds,,,,,,
North,,,,,,
Lincoln Lodge,,,,,,
Ulster,,,,,,
Northwest,,,,,,
Ho Chi Minh City,,,,,,
Vietnam,,,,,,
Darjeeling,,,,,,
Evia,,,,,,
Guwahati Schools,,,,,,
Wisconsin,,,,,,
Minnesota,,,,,,
Iowa,,,,,,
East Asia,,,,,,
Midwes,,,,,,
Vernate,,,,,,
Lake Lugano,,,,,,
Southern New Mexico,,,,,,
Athens,,,,,,
WWII,,,,,,
The Soviet Union,,,,,,
Central,,,,,,
Connacht,,,,,,
Calif.,,,,,,
Silicon Valley,,,,,,
Marin,,,,,,
the Bay Area,,,,,,
Bay Area,,,,,,
Hamburg,,,,,,
Sacramento,,,,,,
Northern Ireland,,,,,,
UP,,,,,,
Panther Lake,,,,,,
Siaya County,,,,,,
Kadenge Ratuoro,,,,,,
Kenya,,,,,,
Indore,,,,,,
York City,,,,,,
Scunthorpe,,,,,,
Strip,,,,,,
Sunshine States,,,,,,
NC,,,,,,
USSR,,,,,,
the Mid-South,,,,,,
Southwest,,,,,,
Himalayas,,,,,,
Ooty,,,,,,
Pulwama town,,,,,,
Pulwama,,,,,,
emirates,,,,,,
The United Arab Emirates,,,,,,
UAE,,,,,,
New Orleans,,,,,,
Gaza Strip,,,,,,
Venice,,,,,,
Berlin,,,,,,
Brussels,,,,,,
New Africa,,,,,,
Albuquerque,,,,,,
AZ,,,,,,
Tucson,,,,,,
Spaceport,,,,,,
Northern Indiana,,,,,,
Carolina,,,,,,
Adelaide,,,,,,
temperat,,,,,,
Faro,,,,,,
Pfrender ME,,,,,,
Lahti,,,,,,
southwest England,,,,,,
Türkiye,,,,,,
the Arctic Ocean,,,,,,
Arctic Ocean,,,,,,
NY,,,,,,
Whitehorse,,,,,,
Valle,,,,,,
Northern California,,,,,,
Gower Peninsula,,,,,,
Hudson,,,,,,
the Union Territory,,,,,,
Ipswich,,,,,,
the North East,,,,,,
Vall,,,,,,
Southern U.S,,,,,,
